<?xml version="1.0" encoding="UTF-8" standalone="yes"?>
<Root>
	<CommandInfo>
		<CommandCode>0</CommandCode>
	</CommandInfo>
	<CommandInfo>
		<CommandCode>1</CommandCode>
		<CommandName>Reset</CommandName>
		<Length>1</Length>
	</CommandInfo>
	<CommandInfo>
		<CommandCode>2</CommandCode>
		<CommandName>Set Channel Inhibits</CommandName>
		<Length>3</Length>
	</CommandInfo>
	<CommandInfo>
		<CommandCode>3</CommandCode>
		<CommandName>Display On</CommandName>
		<Length>1</Length>
	</CommandInfo>
	<CommandInfo>
		<CommandCode>4</CommandCode>
		<CommandName>Display Off</CommandName>
		<Length>1</Length>
	</CommandInfo>
	<CommandInfo>
		<CommandCode>5</CommandCode>
		<CommandName>Setup Request</CommandName>
		<Length>1</Length>
	</CommandInfo>
	<CommandInfo>
		<CommandCode>6</CommandCode>
		<CommandName>Host Protocol Version</CommandName>
		<Length>2</Length>
	</CommandInfo>
	<CommandInfo>
		<CommandCode>7</CommandCode>
		<CommandName>Poll</CommandName>
		<Length>1</Length>
	</CommandInfo>
	<CommandInfo>
		<CommandCode>8</CommandCode>
		<CommandName>Reject Banknote</CommandName>
		<Length>1</Length>
	</CommandInfo>
	<CommandInfo>
		<CommandCode>9</CommandCode>
		<CommandName>Disable</CommandName>
		<Length>1</Length>
	</CommandInfo>
	<CommandInfo>
		<CommandCode>10</CommandCode>
		<CommandName>Enable</CommandName>
		<Length>1</Length>
	</CommandInfo>
	<CommandInfo>
		<CommandCode>11</CommandCode>
	</CommandInfo>
	<CommandInfo>
		<CommandCode>12</CommandCode>
		<CommandName>Get Serial Number</CommandName>
		<Length>1</Length>
	</CommandInfo>
	<CommandInfo>
		<CommandCode>13</CommandCode>
		<CommandName>Unit Data</CommandName>
		<Length>1</Length>
	</CommandInfo>
	<CommandInfo>
		<CommandCode>14</CommandCode>
		<CommandName>Channel Value Request</CommandName>
		<Length>1</Length>
	</CommandInfo>
	<CommandInfo>
		<CommandCode>15</CommandCode>
		<CommandName>Channel Security Data</CommandName>
		<Length>1</Length>
	</CommandInfo>
	<CommandInfo>
		<CommandCode>16</CommandCode>
		<CommandName>Channel Re-teach Data</CommandName>
		<Length>1</Length>
	</CommandInfo>
	<CommandInfo>
		<CommandCode>17</CommandCode>
		<CommandName>Sync</CommandName>
		<Length>1</Length>
	</CommandInfo>
	<CommandInfo>
		<CommandCode>18</CommandCode>
	</CommandInfo>
	<CommandInfo>
		<CommandCode>19</CommandCode>
	</CommandInfo>
	<CommandInfo>
		<CommandCode>20</CommandCode>
	</CommandInfo>
	<CommandInfo>
		<CommandCode>21</CommandCode>
	</CommandInfo>
	<CommandInfo>
		<CommandCode>22</CommandCode>
	</CommandInfo>
	<CommandInfo>
		<CommandCode>23</CommandCode>
		<CommandName>Last Reject Code</CommandName>
		<Length>1</Length>
	</CommandInfo>
	<CommandInfo>
		<CommandCode>24</CommandCode>
		<CommandName>Hold</CommandName>
		<Length>1</Length>
	</CommandInfo>
	<CommandInfo>
		<CommandCode>25</CommandCode>
	</CommandInfo>
	<CommandInfo>
		<CommandCode>26</CommandCode>
	</CommandInfo>
	<CommandInfo>
		<CommandCode>27</CommandCode>
	</CommandInfo>
	<CommandInfo>
		<CommandCode>28</CommandCode>
	</CommandInfo>
	<CommandInfo>
		<CommandCode>29</CommandCode>
	</CommandInfo>
	<CommandInfo>
		<CommandCode>30</CommandCode>
	</CommandInfo>
	<CommandInfo>
		<CommandCode>31</CommandCode>
	</CommandInfo>
	<CommandInfo>
		<CommandCode>32</CommandCode>
		<CommandName>Get Firmware Version</CommandName>
		<Length>1</Length>
	</CommandInfo>
	<CommandInfo>
		<CommandCode>33</CommandCode>
		<CommandName>Get Dataset Version</CommandName>
		<Length>1</Length>
	</CommandInfo>
	<CommandInfo>
		<CommandCode>34</CommandCode>
		<CommandName>Get All Levels</CommandName>
		<Length>1</Length>
	</CommandInfo>
	<CommandInfo>
		<CommandCode>35</CommandCode>
		<CommandName>Get Bar Code Reader Configuration</CommandName>
		<Length>1</Length>
	</CommandInfo>
	<CommandInfo>
		<CommandCode>36</CommandCode>
		<CommandName>Set Bar Code Configuration</CommandName>
		<Length>4</Length>
	</CommandInfo>
	<CommandInfo>
		<CommandCode>37</CommandCode>
		<CommandName>Get Bar Code Inhibit Status</CommandName>
		<Length>1</Length>
	</CommandInfo>
	<CommandInfo>
		<CommandCode>38</CommandCode>
		<CommandName>Set Bar Code Inhibit Status</CommandName>
		<Length>2</Length>
	</CommandInfo>
	<CommandInfo>
		<CommandCode>39</CommandCode>
		<CommandName>Get Bar Code Data</CommandName>
		<Length>1</Length>
	</CommandInfo>
	<CommandInfo>
		<CommandCode>40</CommandCode>
	</CommandInfo>
	<CommandInfo>
		<CommandCode>41</CommandCode>
	</CommandInfo>
	<CommandInfo>
		<CommandCode>42</CommandCode>
	</CommandInfo>
	<CommandInfo>
		<CommandCode>43</CommandCode>
	</CommandInfo>
	<CommandInfo>
		<CommandCode>44</CommandCode>
	</CommandInfo>
	<CommandInfo>
		<CommandCode>45</CommandCode>
	</CommandInfo>
	<CommandInfo>
		<CommandCode>46</CommandCode>
	</CommandInfo>
	<CommandInfo>
		<CommandCode>47</CommandCode>
	</CommandInfo>
	<CommandInfo>
		<CommandCode>48</CommandCode>
		<CommandName>Set Refill Mode</CommandName>
		<Length>6</Length>
	</CommandInfo>
	<CommandInfo>
		<CommandCode>49</CommandCode>
	</CommandInfo>
	<CommandInfo>
		<CommandCode>50</CommandCode>
	</CommandInfo>
	<CommandInfo>
		<CommandCode>51</CommandCode>
		<CommandName>Payout Amount</CommandName>
		<Length>9</Length>
	</CommandInfo>
	<CommandInfo>
		<CommandCode>52</CommandCode>
		<CommandName>Set Denomination Level</CommandName>
		<Length>10</Length>
	</CommandInfo>
	<CommandInfo>
		<CommandCode>53</CommandCode>
		<CommandName>Get Denomination Level</CommandName>
		<Length>8</Length>
	</CommandInfo>
	<CommandInfo>
		<CommandCode>54</CommandCode>
	</CommandInfo>
	<CommandInfo>
		<CommandCode>55</CommandCode>
		<CommandName>Communication Pass Through</CommandName>
		<Length>2</Length>
	</CommandInfo>
	<CommandInfo>
		<CommandCode>56</CommandCode>
		<CommandName>Halt Payout</CommandName>
		<Length>1</Length>
	</CommandInfo>
	<CommandInfo>
		<CommandCode>57</CommandCode>
	</CommandInfo>
	<CommandInfo>
		<CommandCode>58</CommandCode>
	</CommandInfo>
	<CommandInfo>
		<CommandCode>59</CommandCode>
		<CommandName>Set Denomination Route</CommandName>
		<Length>9</Length>
	</CommandInfo>
	<CommandInfo>
		<CommandCode>60</CommandCode>
		<CommandName>Get Denomination Route</CommandName>
		<Length>8</Length>
	</CommandInfo>
	<CommandInfo>
		<CommandCode>61</CommandCode>
		<CommandName>Float Amount</CommandName>
		<Length>11</Length>
	</CommandInfo>
	<CommandInfo>
		<CommandCode>62</CommandCode>
		<CommandName>Get Minimum Payout</CommandName>
		<Length>4</Length>
	</CommandInfo>
	<CommandInfo>
		<CommandCode>63</CommandCode>
		<CommandName>Empty All</CommandName>
		<Length>1</Length>
	</CommandInfo>
	<CommandInfo>
		<CommandCode>64</CommandCode>
		<CommandName>Set Coin Mech Inhibits</CommandName>
		<Length>7</Length>
	</CommandInfo>
	<CommandInfo>
		<CommandCode>65</CommandCode>
		<CommandName>Get Note Positions</CommandName>
		<Length>1</Length>
	</CommandInfo>
	<CommandInfo>
		<CommandCode>66</CommandCode>
		<CommandName>Payout Note</CommandName>
		<Length>1</Length>
	</CommandInfo>
	<CommandInfo>
		<CommandCode>67</CommandCode>
		<CommandName>Stack Note</CommandName>
		<Length>1</Length>
	</CommandInfo>
	<CommandInfo>
		<CommandCode>68</CommandCode>
		<CommandName>Float By Denomination</CommandName>
		<Length>0</Length>
		<LengthByte>1</LengthByte>
		<Multiply>9</Multiply>
		<Add>1</Add>
	</CommandInfo>
	<CommandInfo>
		<CommandCode>69</CommandCode>
		<CommandName>Set Value Reporting Type</CommandName>
		<Length>2</Length>
	</CommandInfo>
	<CommandInfo>
		<CommandCode>70</CommandCode>
		<CommandName>Payout By Denomination</CommandName>
		<Length>0</Length>
		<LengthByte>1</LengthByte>
		<Multiply>9</Multiply>
		<Add>1</Add>
	</CommandInfo>
	<CommandInfo>
		<CommandCode>71</CommandCode>
	</CommandInfo>
	<CommandInfo>
		<CommandCode>72</CommandCode>
	</CommandInfo>
	<CommandInfo>
		<CommandCode>73</CommandCode>
		<CommandName>Set Coin Mech Global Inhibit</CommandName>
		<Length>2</Length>
	</CommandInfo>
	<CommandInfo>
		<CommandCode>74</CommandCode>
		<CommandName>Set Generator</CommandName>
		<Length>9</Length>
	</CommandInfo>
	<CommandInfo>
		<CommandCode>75</CommandCode>
		<CommandName>Set Modulus</CommandName>
		<Length>9</Length>
	</CommandInfo>
	<CommandInfo>
		<CommandCode>76</CommandCode>
		<CommandName>Request Key Exchange</CommandName>
		<Length>9</Length>
	</CommandInfo>
	<CommandInfo>
		<CommandCode>77</CommandCode>
		<CommandName>Set Baud Rate</CommandName>
		<Length>3</Length>
	</CommandInfo>
	<CommandInfo>
		<CommandCode>78</CommandCode>
	</CommandInfo>
	<CommandInfo>
		<CommandCode>79</CommandCode>
		<CommandName>Get Build Revision</CommandName>
		<Length>1</Length>
	</CommandInfo>
	<CommandInfo>
		<CommandCode>80</CommandCode>
		<CommandName>Set Hopper Options</CommandName>
		<Length>3</Length>
	</CommandInfo>
	<CommandInfo>
		<CommandCode>81</CommandCode>
		<CommandName>Get Hopper Options</CommandName>
		<Length>1</Length>
	</CommandInfo>
	<CommandInfo>
		<CommandCode>82</CommandCode>
		<CommandName>Smart Empty</CommandName>
		<Length>1</Length>
	</CommandInfo>
	<CommandInfo>
		<CommandCode>83</CommandCode>
		<CommandName>Cashbox Payout Operation Data</CommandName>
		<Length>1</Length>
	</CommandInfo>
	<CommandInfo>
		<CommandCode>84</CommandCode>
		<CommandName>Configure Bezel</CommandName>
		<Length>5</Length>
	</CommandInfo>
	<CommandInfo>
		<CommandCode>85</CommandCode>
	</CommandInfo>
	<CommandInfo>
		<CommandCode>86</CommandCode>
		<CommandName>Poll With ACK</CommandName>
	</CommandInfo>
	<CommandInfo>
		<CommandCode>87</CommandCode>
		<CommandName>Event ACK</CommandName>
		<Length>1</Length>
	</CommandInfo>
	<CommandInfo>
		<CommandCode>88</CommandCode>
		<CommandName>Get Counters</CommandName>
		<Length>1</Length>
	</CommandInfo>
	<CommandInfo>
		<CommandCode>89</CommandCode>
		<CommandName>Reset Counters</CommandName>
		<Length>1</Length>
	</CommandInfo>
	<CommandInfo>
		<CommandCode>90</CommandCode>
		<CommandName>Coin Mech Options</CommandName>
		<Length>2</Length>
	</CommandInfo>
	<CommandInfo>
		<CommandCode>91</CommandCode>
		<CommandName>Disable Payout Device</CommandName>
		<Length>1</Length>
	</CommandInfo>
	<CommandInfo>
		<CommandCode>92</CommandCode>
		<CommandName>Enable Payout Device</CommandName>
		<Length>2</Length>
	</CommandInfo>
	<CommandInfo>
		<CommandCode>93</CommandCode>
	</CommandInfo>
	<CommandInfo>
		<CommandCode>94</CommandCode>
	</CommandInfo>
	<CommandInfo>
		<CommandCode>95</CommandCode>
	</CommandInfo>
	<CommandInfo>
		<CommandCode>96</CommandCode>
		<CommandName>Set Fixed Encryption Key</CommandName>
		<Length>9</Length>
	</CommandInfo>
	<CommandInfo>
		<CommandCode>97</CommandCode>
		<CommandName>Reset Fixed Encryption Key</CommandName>
		<Length>1</Length>
	</CommandInfo>
	<CommandInfo>
		<CommandCode>98</CommandCode>
	</CommandInfo>
	<CommandInfo>
		<CommandCode>99</CommandCode>
	</CommandInfo>
	<CommandInfo>
		<CommandCode>100</CommandCode>
	</CommandInfo>
	<CommandInfo>
		<CommandCode>101</CommandCode>
		<CommandName>Request TEBS Barcode</CommandName>
		<Length>1</Length>
	</CommandInfo>
	<CommandInfo>
		<CommandCode>102</CommandCode>
		<CommandName>Request TEBS Log</CommandName>
		<Length>2</Length>
	</CommandInfo>
	<CommandInfo>
		<CommandCode>103</CommandCode>
		<CommandName>TEBS Unlock Enable</CommandName>
		<Length>1</Length>
	</CommandInfo>
	<CommandInfo>
		<CommandCode>104</CommandCode>
		<CommandName>TEBS Unlock Disable</CommandName>
	</CommandInfo>
	<CommandInfo>
		<CommandCode>105</CommandCode>
	</CommandInfo>
	<CommandInfo>
		<CommandCode>106</CommandCode>
	</CommandInfo>
	<CommandInfo>
		<CommandCode>107</CommandCode>
	</CommandInfo>
	<CommandInfo>
		<CommandCode>108</CommandCode>
	</CommandInfo>
	<CommandInfo>
		<CommandCode>109</CommandCode>
	</CommandInfo>
	<CommandInfo>
		<CommandCode>110</CommandCode>
	</CommandInfo>
	<CommandInfo>
		<CommandCode>111</CommandCode>
	</CommandInfo>
	<CommandInfo>
		<CommandCode>112</CommandCode>
	</CommandInfo>
	<CommandInfo>
		<CommandCode>113</CommandCode>
	</CommandInfo>
	<CommandInfo>
		<CommandCode>114</CommandCode>
	</CommandInfo>
	<CommandInfo>
		<CommandCode>115</CommandCode>
	</CommandInfo>
	<CommandInfo>
		<CommandCode>116</CommandCode>
	</CommandInfo>
	<CommandInfo>
		<CommandCode>117</CommandCode>
	</CommandInfo>
	<CommandInfo>
		<CommandCode>118</CommandCode>
	</CommandInfo>
	<CommandInfo>
		<CommandCode>119</CommandCode>
	</CommandInfo>
	<CommandInfo>
		<CommandCode>120</CommandCode>
	</CommandInfo>
	<CommandInfo>
		<CommandCode>121</CommandCode>
	</CommandInfo>
	<CommandInfo>
		<CommandCode>122</CommandCode>
	</CommandInfo>
	<CommandInfo>
		<CommandCode>123</CommandCode>
	</CommandInfo>
	<CommandInfo>
		<CommandCode>124</CommandCode>
	</CommandInfo>
	<CommandInfo>
		<CommandCode>125</CommandCode>
	</CommandInfo>
	<CommandInfo>
		<CommandCode>126</CommandCode>
	</CommandInfo>
	<CommandInfo>
		<CommandCode>127</CommandCode>
	</CommandInfo>
	<CommandInfo>
		<CommandCode>128</CommandCode>
	</CommandInfo>
	<CommandInfo>
		<CommandCode>129</CommandCode>
	</CommandInfo>
	<CommandInfo>
		<CommandCode>130</CommandCode>
	</CommandInfo>
	<CommandInfo>
		<CommandCode>131</CommandCode>
	</CommandInfo>
	<CommandInfo>
		<CommandCode>132</CommandCode>
	</CommandInfo>
	<CommandInfo>
		<CommandCode>133</CommandCode>
	</CommandInfo>
	<CommandInfo>
		<CommandCode>134</CommandCode>
	</CommandInfo>
	<CommandInfo>
		<CommandCode>135</CommandCode>
	</CommandInfo>
	<CommandInfo>
		<CommandCode>136</CommandCode>
	</CommandInfo>
	<CommandInfo>
		<CommandCode>137</CommandCode>
	</CommandInfo>
	<CommandInfo>
		<CommandCode>138</CommandCode>
	</CommandInfo>
	<CommandInfo>
		<CommandCode>139</CommandCode>
	</CommandInfo>
	<CommandInfo>
		<CommandCode>140</CommandCode>
	</CommandInfo>
	<CommandInfo>
		<CommandCode>141</CommandCode>
	</CommandInfo>
	<CommandInfo>
		<CommandCode>142</CommandCode>
	</CommandInfo>
	<CommandInfo>
		<CommandCode>143</CommandCode>
	</CommandInfo>
	<CommandInfo>
		<CommandCode>144</CommandCode>
	</CommandInfo>
	<CommandInfo>
		<CommandCode>145</CommandCode>
	</CommandInfo>
	<CommandInfo>
		<CommandCode>146</CommandCode>
	</CommandInfo>
	<CommandInfo>
		<CommandCode>147</CommandCode>
	</CommandInfo>
	<CommandInfo>
		<CommandCode>148</CommandCode>
	</CommandInfo>
	<CommandInfo>
		<CommandCode>149</CommandCode>
	</CommandInfo>
	<CommandInfo>
		<CommandCode>150</CommandCode>
	</CommandInfo>
	<CommandInfo>
		<CommandCode>151</CommandCode>
	</CommandInfo>
	<CommandInfo>
		<CommandCode>152</CommandCode>
	</CommandInfo>
	<CommandInfo>
		<CommandCode>153</CommandCode>
	</CommandInfo>
	<CommandInfo>
		<CommandCode>154</CommandCode>
	</CommandInfo>
	<CommandInfo>
		<CommandCode>155</CommandCode>
	</CommandInfo>
	<CommandInfo>
		<CommandCode>156</CommandCode>
	</CommandInfo>
	<CommandInfo>
		<CommandCode>157</CommandCode>
	</CommandInfo>
	<CommandInfo>
		<CommandCode>158</CommandCode>
	</CommandInfo>
	<CommandInfo>
		<CommandCode>159</CommandCode>
	</CommandInfo>
	<CommandInfo>
		<CommandCode>160</CommandCode>
	</CommandInfo>
	<CommandInfo>
		<CommandCode>161</CommandCode>
	</CommandInfo>
	<CommandInfo>
		<CommandCode>162</CommandCode>
	</CommandInfo>
	<CommandInfo>
		<CommandCode>163</CommandCode>
	</CommandInfo>
	<CommandInfo>
		<CommandCode>164</CommandCode>
	</CommandInfo>
	<CommandInfo>
		<CommandCode>165</CommandCode>
	</CommandInfo>
	<CommandInfo>
		<CommandCode>166</CommandCode>
	</CommandInfo>
	<CommandInfo>
		<CommandCode>167</CommandCode>
	</CommandInfo>
	<CommandInfo>
		<CommandCode>168</CommandCode>
	</CommandInfo>
	<CommandInfo>
		<CommandCode>169</CommandCode>
	</CommandInfo>
	<CommandInfo>
		<CommandCode>170</CommandCode>
	</CommandInfo>
	<CommandInfo>
		<CommandCode>171</CommandCode>
	</CommandInfo>
	<CommandInfo>
		<CommandCode>172</CommandCode>
	</CommandInfo>
	<CommandInfo>
		<CommandCode>173</CommandCode>
	</CommandInfo>
	<CommandInfo>
		<CommandCode>174</CommandCode>
	</CommandInfo>
	<CommandInfo>
		<CommandCode>175</CommandCode>
	</CommandInfo>
	<CommandInfo>
		<CommandCode>176</CommandCode>
	</CommandInfo>
	<CommandInfo>
		<CommandCode>177</CommandCode>
	</CommandInfo>
	<CommandInfo>
		<CommandCode>178</CommandCode>
	</CommandInfo>
	<CommandInfo>
		<CommandCode>179</CommandCode>
	</CommandInfo>
	<CommandInfo>
		<CommandCode>180</CommandCode>
	</CommandInfo>
	<CommandInfo>
		<CommandCode>181</CommandCode>
	</CommandInfo>
	<CommandInfo>
		<CommandCode>182</CommandCode>
	</CommandInfo>
	<CommandInfo>
		<CommandCode>183</CommandCode>
	</CommandInfo>
	<CommandInfo>
		<CommandCode>184</CommandCode>
	</CommandInfo>
	<CommandInfo>
		<CommandCode>185</CommandCode>
	</CommandInfo>
	<CommandInfo>
		<CommandCode>186</CommandCode>
	</CommandInfo>
	<CommandInfo>
		<CommandCode>187</CommandCode>
	</CommandInfo>
	<CommandInfo>
		<CommandCode>188</CommandCode>
	</CommandInfo>
	<CommandInfo>
		<CommandCode>189</CommandCode>
	</CommandInfo>
	<CommandInfo>
		<CommandCode>190</CommandCode>
	</CommandInfo>
	<CommandInfo>
		<CommandCode>191</CommandCode>
	</CommandInfo>
	<CommandInfo>
		<CommandCode>192</CommandCode>
	</CommandInfo>
	<CommandInfo>
		<CommandCode>193</CommandCode>
	</CommandInfo>
	<CommandInfo>
		<CommandCode>194</CommandCode>
	</CommandInfo>
	<CommandInfo>
		<CommandCode>195</CommandCode>
	</CommandInfo>
	<CommandInfo>
		<CommandCode>196</CommandCode>
	</CommandInfo>
	<CommandInfo>
		<CommandCode>197</CommandCode>
	</CommandInfo>
	<CommandInfo>
		<CommandCode>198</CommandCode>
	</CommandInfo>
	<CommandInfo>
		<CommandCode>199</CommandCode>
	</CommandInfo>
	<CommandInfo>
		<CommandCode>200</CommandCode>
	</CommandInfo>
	<CommandInfo>
		<CommandCode>201</CommandCode>
	</CommandInfo>
	<CommandInfo>
		<CommandCode>202</CommandCode>
	</CommandInfo>
	<CommandInfo>
		<CommandCode>203</CommandCode>
	</CommandInfo>
	<CommandInfo>
		<CommandCode>204</CommandCode>
	</CommandInfo>
	<CommandInfo>
		<CommandCode>205</CommandCode>
	</CommandInfo>
	<CommandInfo>
		<CommandCode>206</CommandCode>
	</CommandInfo>
	<CommandInfo>
		<CommandCode>207</CommandCode>
	</CommandInfo>
	<CommandInfo>
		<CommandCode>208</CommandCode>
	</CommandInfo>
	<CommandInfo>
		<CommandCode>209</CommandCode>
	</CommandInfo>
	<CommandInfo>
		<CommandCode>210</CommandCode>
	</CommandInfo>
	<CommandInfo>
		<CommandCode>211</CommandCode>
	</CommandInfo>
	<CommandInfo>
		<CommandCode>212</CommandCode>
	</CommandInfo>
	<CommandInfo>
		<CommandCode>213</CommandCode>
	</CommandInfo>
	<CommandInfo>
		<CommandCode>214</CommandCode>
	</CommandInfo>
	<CommandInfo>
		<CommandCode>215</CommandCode>
	</CommandInfo>
	<CommandInfo>
		<CommandCode>216</CommandCode>
	</CommandInfo>
	<CommandInfo>
		<CommandCode>217</CommandCode>
	</CommandInfo>
	<CommandInfo>
		<CommandCode>218</CommandCode>
	</CommandInfo>
	<CommandInfo>
		<CommandCode>219</CommandCode>
	</CommandInfo>
	<CommandInfo>
		<CommandCode>220</CommandCode>
	</CommandInfo>
	<CommandInfo>
		<CommandCode>221</CommandCode>
	</CommandInfo>
	<CommandInfo>
		<CommandCode>222</CommandCode>
	</CommandInfo>
	<CommandInfo>
		<CommandCode>223</CommandCode>
	</CommandInfo>
	<CommandInfo>
		<CommandCode>224</CommandCode>
	</CommandInfo>
	<CommandInfo>
		<CommandCode>225</CommandCode>
	</CommandInfo>
	<CommandInfo>
		<CommandCode>226</CommandCode>
	</CommandInfo>
	<CommandInfo>
		<CommandCode>227</CommandCode>
	</CommandInfo>
	<CommandInfo>
		<CommandCode>228</CommandCode>
	</CommandInfo>
	<CommandInfo>
		<CommandCode>229</CommandCode>
	</CommandInfo>
	<CommandInfo>
		<CommandCode>230</CommandCode>
	</CommandInfo>
	<CommandInfo>
		<CommandCode>231</CommandCode>
	</CommandInfo>
	<CommandInfo>
		<CommandCode>232</CommandCode>
	</CommandInfo>
	<CommandInfo>
		<CommandCode>233</CommandCode>
	</CommandInfo>
	<CommandInfo>
		<CommandCode>234</CommandCode>
	</CommandInfo>
	<CommandInfo>
		<CommandCode>235</CommandCode>
	</CommandInfo>
	<CommandInfo>
		<CommandCode>236</CommandCode>
	</CommandInfo>
	<CommandInfo>
		<CommandCode>237</CommandCode>
	</CommandInfo>
	<CommandInfo>
		<CommandCode>238</CommandCode>
	</CommandInfo>
	<CommandInfo>
		<CommandCode>239</CommandCode>
	</CommandInfo>
	<CommandInfo>
		<CommandCode>240</CommandCode>
	</CommandInfo>
	<CommandInfo>
		<CommandCode>241</CommandCode>
	</CommandInfo>
	<CommandInfo>
		<CommandCode>242</CommandCode>
	</CommandInfo>
	<CommandInfo>
		<CommandCode>243</CommandCode>
	</CommandInfo>
	<CommandInfo>
		<CommandCode>244</CommandCode>
	</CommandInfo>
	<CommandInfo>
		<CommandCode>245</CommandCode>
	</CommandInfo>
	<CommandInfo>
		<CommandCode>246</CommandCode>
	</CommandInfo>
	<CommandInfo>
		<CommandCode>247</CommandCode>
	</CommandInfo>
	<CommandInfo>
		<CommandCode>248</CommandCode>
	</CommandInfo>
	<CommandInfo>
		<CommandCode>249</CommandCode>
	</CommandInfo>
	<CommandInfo>
		<CommandCode>250</CommandCode>
	</CommandInfo>
	<CommandInfo>
		<CommandCode>251</CommandCode>
	</CommandInfo>
	<CommandInfo>
		<CommandCode>252</CommandCode>
	</CommandInfo>
	<CommandInfo>
		<CommandCode>253</CommandCode>
	</CommandInfo>
	<CommandInfo>
		<CommandCode>254</CommandCode>
	</CommandInfo>
	<CommandInfo>
		<CommandCode>255</CommandCode>
	</CommandInfo>
</Root>