<?xml version="1.0" encoding="UTF-8" standalone="yes"?>
<Root>
	<GenericResponseInfo>
		<GenericResponseCode>0</GenericResponseCode>
	</GenericResponseInfo>
	<GenericResponseInfo>
		<GenericResponseCode>1</GenericResponseCode>
	</GenericResponseInfo>
	<GenericResponseInfo>
		<GenericResponseCode>2</GenericResponseCode>
	</GenericResponseInfo>
	<GenericResponseInfo>
		<GenericResponseCode>3</GenericResponseCode>
	</GenericResponseInfo>
	<GenericResponseInfo>
		<GenericResponseCode>4</GenericResponseCode>
	</GenericResponseInfo>
	<GenericResponseInfo>
		<GenericResponseCode>5</GenericResponseCode>
	</GenericResponseInfo>
	<GenericResponseInfo>
		<GenericResponseCode>6</GenericResponseCode>
	</GenericResponseInfo>
	<GenericResponseInfo>
		<GenericResponseCode>7</GenericResponseCode>
	</GenericResponseInfo>
	<GenericResponseInfo>
		<GenericResponseCode>8</GenericResponseCode>
	</GenericResponseInfo>
	<GenericResponseInfo>
		<GenericResponseCode>9</GenericResponseCode>
	</GenericResponseInfo>
	<GenericResponseInfo>
		<GenericResponseCode>10</GenericResponseCode>
	</GenericResponseInfo>
	<GenericResponseInfo>
		<GenericResponseCode>11</GenericResponseCode>
	</GenericResponseInfo>
	<GenericResponseInfo>
		<GenericResponseCode>12</GenericResponseCode>
	</GenericResponseInfo>
	<GenericResponseInfo>
		<GenericResponseCode>13</GenericResponseCode>
	</GenericResponseInfo>
	<GenericResponseInfo>
		<GenericResponseCode>14</GenericResponseCode>
	</GenericResponseInfo>
	<GenericResponseInfo>
		<GenericResponseCode>15</GenericResponseCode>
	</GenericResponseInfo>
	<GenericResponseInfo>
		<GenericResponseCode>16</GenericResponseCode>
	</GenericResponseInfo>
	<GenericResponseInfo>
		<GenericResponseCode>17</GenericResponseCode>
	</GenericResponseInfo>
	<GenericResponseInfo>
		<GenericResponseCode>18</GenericResponseCode>
	</GenericResponseInfo>
	<GenericResponseInfo>
		<GenericResponseCode>19</GenericResponseCode>
	</GenericResponseInfo>
	<GenericResponseInfo>
		<GenericResponseCode>20</GenericResponseCode>
	</GenericResponseInfo>
	<GenericResponseInfo>
		<GenericResponseCode>21</GenericResponseCode>
	</GenericResponseInfo>
	<GenericResponseInfo>
		<GenericResponseCode>22</GenericResponseCode>
	</GenericResponseInfo>
	<GenericResponseInfo>
		<GenericResponseCode>23</GenericResponseCode>
	</GenericResponseInfo>
	<GenericResponseInfo>
		<GenericResponseCode>24</GenericResponseCode>
	</GenericResponseInfo>
	<GenericResponseInfo>
		<GenericResponseCode>25</GenericResponseCode>
	</GenericResponseInfo>
	<GenericResponseInfo>
		<GenericResponseCode>26</GenericResponseCode>
	</GenericResponseInfo>
	<GenericResponseInfo>
		<GenericResponseCode>27</GenericResponseCode>
	</GenericResponseInfo>
	<GenericResponseInfo>
		<GenericResponseCode>28</GenericResponseCode>
	</GenericResponseInfo>
	<GenericResponseInfo>
		<GenericResponseCode>29</GenericResponseCode>
	</GenericResponseInfo>
	<GenericResponseInfo>
		<GenericResponseCode>30</GenericResponseCode>
	</GenericResponseInfo>
	<GenericResponseInfo>
		<GenericResponseCode>31</GenericResponseCode>
	</GenericResponseInfo>
	<GenericResponseInfo>
		<GenericResponseCode>32</GenericResponseCode>
	</GenericResponseInfo>
	<GenericResponseInfo>
		<GenericResponseCode>33</GenericResponseCode>
	</GenericResponseInfo>
	<GenericResponseInfo>
		<GenericResponseCode>34</GenericResponseCode>
	</GenericResponseInfo>
	<GenericResponseInfo>
		<GenericResponseCode>35</GenericResponseCode>
	</GenericResponseInfo>
	<GenericResponseInfo>
		<GenericResponseCode>36</GenericResponseCode>
	</GenericResponseInfo>
	<GenericResponseInfo>
		<GenericResponseCode>37</GenericResponseCode>
	</GenericResponseInfo>
	<GenericResponseInfo>
		<GenericResponseCode>38</GenericResponseCode>
	</GenericResponseInfo>
	<GenericResponseInfo>
		<GenericResponseCode>39</GenericResponseCode>
	</GenericResponseInfo>
	<GenericResponseInfo>
		<GenericResponseCode>40</GenericResponseCode>
	</GenericResponseInfo>
	<GenericResponseInfo>
		<GenericResponseCode>41</GenericResponseCode>
	</GenericResponseInfo>
	<GenericResponseInfo>
		<GenericResponseCode>42</GenericResponseCode>
	</GenericResponseInfo>
	<GenericResponseInfo>
		<GenericResponseCode>43</GenericResponseCode>
	</GenericResponseInfo>
	<GenericResponseInfo>
		<GenericResponseCode>44</GenericResponseCode>
	</GenericResponseInfo>
	<GenericResponseInfo>
		<GenericResponseCode>45</GenericResponseCode>
	</GenericResponseInfo>
	<GenericResponseInfo>
		<GenericResponseCode>46</GenericResponseCode>
	</GenericResponseInfo>
	<GenericResponseInfo>
		<GenericResponseCode>47</GenericResponseCode>
	</GenericResponseInfo>
	<GenericResponseInfo>
		<GenericResponseCode>48</GenericResponseCode>
	</GenericResponseInfo>
	<GenericResponseInfo>
		<GenericResponseCode>49</GenericResponseCode>
	</GenericResponseInfo>
	<GenericResponseInfo>
		<GenericResponseCode>50</GenericResponseCode>
	</GenericResponseInfo>
	<GenericResponseInfo>
		<GenericResponseCode>51</GenericResponseCode>
	</GenericResponseInfo>
	<GenericResponseInfo>
		<GenericResponseCode>52</GenericResponseCode>
	</GenericResponseInfo>
	<GenericResponseInfo>
		<GenericResponseCode>53</GenericResponseCode>
	</GenericResponseInfo>
	<GenericResponseInfo>
		<GenericResponseCode>54</GenericResponseCode>
	</GenericResponseInfo>
	<GenericResponseInfo>
		<GenericResponseCode>55</GenericResponseCode>
	</GenericResponseInfo>
	<GenericResponseInfo>
		<GenericResponseCode>56</GenericResponseCode>
	</GenericResponseInfo>
	<GenericResponseInfo>
		<GenericResponseCode>57</GenericResponseCode>
	</GenericResponseInfo>
	<GenericResponseInfo>
		<GenericResponseCode>58</GenericResponseCode>
	</GenericResponseInfo>
	<GenericResponseInfo>
		<GenericResponseCode>59</GenericResponseCode>
	</GenericResponseInfo>
	<GenericResponseInfo>
		<GenericResponseCode>60</GenericResponseCode>
	</GenericResponseInfo>
	<GenericResponseInfo>
		<GenericResponseCode>61</GenericResponseCode>
	</GenericResponseInfo>
	<GenericResponseInfo>
		<GenericResponseCode>62</GenericResponseCode>
	</GenericResponseInfo>
	<GenericResponseInfo>
		<GenericResponseCode>63</GenericResponseCode>
	</GenericResponseInfo>
	<GenericResponseInfo>
		<GenericResponseCode>64</GenericResponseCode>
	</GenericResponseInfo>
	<GenericResponseInfo>
		<GenericResponseCode>65</GenericResponseCode>
	</GenericResponseInfo>
	<GenericResponseInfo>
		<GenericResponseCode>66</GenericResponseCode>
	</GenericResponseInfo>
	<GenericResponseInfo>
		<GenericResponseCode>67</GenericResponseCode>
	</GenericResponseInfo>
	<GenericResponseInfo>
		<GenericResponseCode>68</GenericResponseCode>
	</GenericResponseInfo>
	<GenericResponseInfo>
		<GenericResponseCode>69</GenericResponseCode>
	</GenericResponseInfo>
	<GenericResponseInfo>
		<GenericResponseCode>70</GenericResponseCode>
	</GenericResponseInfo>
	<GenericResponseInfo>
		<GenericResponseCode>71</GenericResponseCode>
	</GenericResponseInfo>
	<GenericResponseInfo>
		<GenericResponseCode>72</GenericResponseCode>
	</GenericResponseInfo>
	<GenericResponseInfo>
		<GenericResponseCode>73</GenericResponseCode>
	</GenericResponseInfo>
	<GenericResponseInfo>
		<GenericResponseCode>74</GenericResponseCode>
	</GenericResponseInfo>
	<GenericResponseInfo>
		<GenericResponseCode>75</GenericResponseCode>
	</GenericResponseInfo>
	<GenericResponseInfo>
		<GenericResponseCode>76</GenericResponseCode>
	</GenericResponseInfo>
	<GenericResponseInfo>
		<GenericResponseCode>77</GenericResponseCode>
	</GenericResponseInfo>
	<GenericResponseInfo>
		<GenericResponseCode>78</GenericResponseCode>
	</GenericResponseInfo>
	<GenericResponseInfo>
		<GenericResponseCode>79</GenericResponseCode>
	</GenericResponseInfo>
	<GenericResponseInfo>
		<GenericResponseCode>80</GenericResponseCode>
	</GenericResponseInfo>
	<GenericResponseInfo>
		<GenericResponseCode>81</GenericResponseCode>
	</GenericResponseInfo>
	<GenericResponseInfo>
		<GenericResponseCode>82</GenericResponseCode>
	</GenericResponseInfo>
	<GenericResponseInfo>
		<GenericResponseCode>83</GenericResponseCode>
	</GenericResponseInfo>
	<GenericResponseInfo>
		<GenericResponseCode>84</GenericResponseCode>
	</GenericResponseInfo>
	<GenericResponseInfo>
		<GenericResponseCode>85</GenericResponseCode>
	</GenericResponseInfo>
	<GenericResponseInfo>
		<GenericResponseCode>86</GenericResponseCode>
	</GenericResponseInfo>
	<GenericResponseInfo>
		<GenericResponseCode>87</GenericResponseCode>
	</GenericResponseInfo>
	<GenericResponseInfo>
		<GenericResponseCode>88</GenericResponseCode>
	</GenericResponseInfo>
	<GenericResponseInfo>
		<GenericResponseCode>89</GenericResponseCode>
	</GenericResponseInfo>
	<GenericResponseInfo>
		<GenericResponseCode>90</GenericResponseCode>
	</GenericResponseInfo>
	<GenericResponseInfo>
		<GenericResponseCode>91</GenericResponseCode>
	</GenericResponseInfo>
	<GenericResponseInfo>
		<GenericResponseCode>92</GenericResponseCode>
	</GenericResponseInfo>
	<GenericResponseInfo>
		<GenericResponseCode>93</GenericResponseCode>
	</GenericResponseInfo>
	<GenericResponseInfo>
		<GenericResponseCode>94</GenericResponseCode>
	</GenericResponseInfo>
	<GenericResponseInfo>
		<GenericResponseCode>95</GenericResponseCode>
	</GenericResponseInfo>
	<GenericResponseInfo>
		<GenericResponseCode>96</GenericResponseCode>
	</GenericResponseInfo>
	<GenericResponseInfo>
		<GenericResponseCode>97</GenericResponseCode>
	</GenericResponseInfo>
	<GenericResponseInfo>
		<GenericResponseCode>98</GenericResponseCode>
	</GenericResponseInfo>
	<GenericResponseInfo>
		<GenericResponseCode>99</GenericResponseCode>
	</GenericResponseInfo>
	<GenericResponseInfo>
		<GenericResponseCode>100</GenericResponseCode>
	</GenericResponseInfo>
	<GenericResponseInfo>
		<GenericResponseCode>101</GenericResponseCode>
	</GenericResponseInfo>
	<GenericResponseInfo>
		<GenericResponseCode>102</GenericResponseCode>
	</GenericResponseInfo>
	<GenericResponseInfo>
		<GenericResponseCode>103</GenericResponseCode>
	</GenericResponseInfo>
	<GenericResponseInfo>
		<GenericResponseCode>104</GenericResponseCode>
	</GenericResponseInfo>
	<GenericResponseInfo>
		<GenericResponseCode>105</GenericResponseCode>
	</GenericResponseInfo>
	<GenericResponseInfo>
		<GenericResponseCode>106</GenericResponseCode>
	</GenericResponseInfo>
	<GenericResponseInfo>
		<GenericResponseCode>107</GenericResponseCode>
	</GenericResponseInfo>
	<GenericResponseInfo>
		<GenericResponseCode>108</GenericResponseCode>
	</GenericResponseInfo>
	<GenericResponseInfo>
		<GenericResponseCode>109</GenericResponseCode>
	</GenericResponseInfo>
	<GenericResponseInfo>
		<GenericResponseCode>110</GenericResponseCode>
	</GenericResponseInfo>
	<GenericResponseInfo>
		<GenericResponseCode>111</GenericResponseCode>
	</GenericResponseInfo>
	<GenericResponseInfo>
		<GenericResponseCode>112</GenericResponseCode>
	</GenericResponseInfo>
	<GenericResponseInfo>
		<GenericResponseCode>113</GenericResponseCode>
	</GenericResponseInfo>
	<GenericResponseInfo>
		<GenericResponseCode>114</GenericResponseCode>
	</GenericResponseInfo>
	<GenericResponseInfo>
		<GenericResponseCode>115</GenericResponseCode>
	</GenericResponseInfo>
	<GenericResponseInfo>
		<GenericResponseCode>116</GenericResponseCode>
	</GenericResponseInfo>
	<GenericResponseInfo>
		<GenericResponseCode>117</GenericResponseCode>
	</GenericResponseInfo>
	<GenericResponseInfo>
		<GenericResponseCode>118</GenericResponseCode>
	</GenericResponseInfo>
	<GenericResponseInfo>
		<GenericResponseCode>119</GenericResponseCode>
	</GenericResponseInfo>
	<GenericResponseInfo>
		<GenericResponseCode>120</GenericResponseCode>
	</GenericResponseInfo>
	<GenericResponseInfo>
		<GenericResponseCode>121</GenericResponseCode>
	</GenericResponseInfo>
	<GenericResponseInfo>
		<GenericResponseCode>122</GenericResponseCode>
	</GenericResponseInfo>
	<GenericResponseInfo>
		<GenericResponseCode>123</GenericResponseCode>
	</GenericResponseInfo>
	<GenericResponseInfo>
		<GenericResponseCode>124</GenericResponseCode>
	</GenericResponseInfo>
	<GenericResponseInfo>
		<GenericResponseCode>125</GenericResponseCode>
	</GenericResponseInfo>
	<GenericResponseInfo>
		<GenericResponseCode>126</GenericResponseCode>
	</GenericResponseInfo>
	<GenericResponseInfo>
		<GenericResponseCode>127</GenericResponseCode>
	</GenericResponseInfo>
	<GenericResponseInfo>
		<GenericResponseCode>128</GenericResponseCode>
	</GenericResponseInfo>
	<GenericResponseInfo>
		<GenericResponseCode>129</GenericResponseCode>
	</GenericResponseInfo>
	<GenericResponseInfo>
		<GenericResponseCode>130</GenericResponseCode>
	</GenericResponseInfo>
	<GenericResponseInfo>
		<GenericResponseCode>131</GenericResponseCode>
	</GenericResponseInfo>
	<GenericResponseInfo>
		<GenericResponseCode>132</GenericResponseCode>
	</GenericResponseInfo>
	<GenericResponseInfo>
		<GenericResponseCode>133</GenericResponseCode>
	</GenericResponseInfo>
	<GenericResponseInfo>
		<GenericResponseCode>134</GenericResponseCode>
	</GenericResponseInfo>
	<GenericResponseInfo>
		<GenericResponseCode>135</GenericResponseCode>
	</GenericResponseInfo>
	<GenericResponseInfo>
		<GenericResponseCode>136</GenericResponseCode>
	</GenericResponseInfo>
	<GenericResponseInfo>
		<GenericResponseCode>137</GenericResponseCode>
	</GenericResponseInfo>
	<GenericResponseInfo>
		<GenericResponseCode>138</GenericResponseCode>
	</GenericResponseInfo>
	<GenericResponseInfo>
		<GenericResponseCode>139</GenericResponseCode>
	</GenericResponseInfo>
	<GenericResponseInfo>
		<GenericResponseCode>140</GenericResponseCode>
	</GenericResponseInfo>
	<GenericResponseInfo>
		<GenericResponseCode>141</GenericResponseCode>
	</GenericResponseInfo>
	<GenericResponseInfo>
		<GenericResponseCode>142</GenericResponseCode>
	</GenericResponseInfo>
	<GenericResponseInfo>
		<GenericResponseCode>143</GenericResponseCode>
	</GenericResponseInfo>
	<GenericResponseInfo>
		<GenericResponseCode>144</GenericResponseCode>
	</GenericResponseInfo>
	<GenericResponseInfo>
		<GenericResponseCode>145</GenericResponseCode>
	</GenericResponseInfo>
	<GenericResponseInfo>
		<GenericResponseCode>146</GenericResponseCode>
	</GenericResponseInfo>
	<GenericResponseInfo>
		<GenericResponseCode>147</GenericResponseCode>
	</GenericResponseInfo>
	<GenericResponseInfo>
		<GenericResponseCode>148</GenericResponseCode>
	</GenericResponseInfo>
	<GenericResponseInfo>
		<GenericResponseCode>149</GenericResponseCode>
	</GenericResponseInfo>
	<GenericResponseInfo>
		<GenericResponseCode>150</GenericResponseCode>
	</GenericResponseInfo>
	<GenericResponseInfo>
		<GenericResponseCode>151</GenericResponseCode>
	</GenericResponseInfo>
	<GenericResponseInfo>
		<GenericResponseCode>152</GenericResponseCode>
	</GenericResponseInfo>
	<GenericResponseInfo>
		<GenericResponseCode>153</GenericResponseCode>
	</GenericResponseInfo>
	<GenericResponseInfo>
		<GenericResponseCode>154</GenericResponseCode>
	</GenericResponseInfo>
	<GenericResponseInfo>
		<GenericResponseCode>155</GenericResponseCode>
	</GenericResponseInfo>
	<GenericResponseInfo>
		<GenericResponseCode>156</GenericResponseCode>
	</GenericResponseInfo>
	<GenericResponseInfo>
		<GenericResponseCode>157</GenericResponseCode>
	</GenericResponseInfo>
	<GenericResponseInfo>
		<GenericResponseCode>158</GenericResponseCode>
	</GenericResponseInfo>
	<GenericResponseInfo>
		<GenericResponseCode>159</GenericResponseCode>
	</GenericResponseInfo>
	<GenericResponseInfo>
		<GenericResponseCode>160</GenericResponseCode>
	</GenericResponseInfo>
	<GenericResponseInfo>
		<GenericResponseCode>161</GenericResponseCode>
	</GenericResponseInfo>
	<GenericResponseInfo>
		<GenericResponseCode>162</GenericResponseCode>
	</GenericResponseInfo>
	<GenericResponseInfo>
		<GenericResponseCode>163</GenericResponseCode>
	</GenericResponseInfo>
	<GenericResponseInfo>
		<GenericResponseCode>164</GenericResponseCode>
	</GenericResponseInfo>
	<GenericResponseInfo>
		<GenericResponseCode>165</GenericResponseCode>
	</GenericResponseInfo>
	<GenericResponseInfo>
		<GenericResponseCode>166</GenericResponseCode>
	</GenericResponseInfo>
	<GenericResponseInfo>
		<GenericResponseCode>167</GenericResponseCode>
	</GenericResponseInfo>
	<GenericResponseInfo>
		<GenericResponseCode>168</GenericResponseCode>
	</GenericResponseInfo>
	<GenericResponseInfo>
		<GenericResponseCode>169</GenericResponseCode>
	</GenericResponseInfo>
	<GenericResponseInfo>
		<GenericResponseCode>170</GenericResponseCode>
	</GenericResponseInfo>
	<GenericResponseInfo>
		<GenericResponseCode>171</GenericResponseCode>
	</GenericResponseInfo>
	<GenericResponseInfo>
		<GenericResponseCode>172</GenericResponseCode>
	</GenericResponseInfo>
	<GenericResponseInfo>
		<GenericResponseCode>173</GenericResponseCode>
	</GenericResponseInfo>
	<GenericResponseInfo>
		<GenericResponseCode>174</GenericResponseCode>
	</GenericResponseInfo>
	<GenericResponseInfo>
		<GenericResponseCode>175</GenericResponseCode>
	</GenericResponseInfo>
	<GenericResponseInfo>
		<GenericResponseCode>176</GenericResponseCode>
	</GenericResponseInfo>
	<GenericResponseInfo>
		<GenericResponseCode>177</GenericResponseCode>
	</GenericResponseInfo>
	<GenericResponseInfo>
		<GenericResponseCode>178</GenericResponseCode>
	</GenericResponseInfo>
	<GenericResponseInfo>
		<GenericResponseCode>179</GenericResponseCode>
	</GenericResponseInfo>
	<GenericResponseInfo>
		<GenericResponseCode>180</GenericResponseCode>
	</GenericResponseInfo>
	<GenericResponseInfo>
		<GenericResponseCode>181</GenericResponseCode>
	</GenericResponseInfo>
	<GenericResponseInfo>
		<GenericResponseCode>182</GenericResponseCode>
	</GenericResponseInfo>
	<GenericResponseInfo>
		<GenericResponseCode>183</GenericResponseCode>
	</GenericResponseInfo>
	<GenericResponseInfo>
		<GenericResponseCode>184</GenericResponseCode>
	</GenericResponseInfo>
	<GenericResponseInfo>
		<GenericResponseCode>185</GenericResponseCode>
	</GenericResponseInfo>
	<GenericResponseInfo>
		<GenericResponseCode>186</GenericResponseCode>
	</GenericResponseInfo>
	<GenericResponseInfo>
		<GenericResponseCode>187</GenericResponseCode>
	</GenericResponseInfo>
	<GenericResponseInfo>
		<GenericResponseCode>188</GenericResponseCode>
	</GenericResponseInfo>
	<GenericResponseInfo>
		<GenericResponseCode>189</GenericResponseCode>
	</GenericResponseInfo>
	<GenericResponseInfo>
		<GenericResponseCode>190</GenericResponseCode>
	</GenericResponseInfo>
	<GenericResponseInfo>
		<GenericResponseCode>191</GenericResponseCode>
	</GenericResponseInfo>
	<GenericResponseInfo>
		<GenericResponseCode>192</GenericResponseCode>
	</GenericResponseInfo>
	<GenericResponseInfo>
		<GenericResponseCode>193</GenericResponseCode>
	</GenericResponseInfo>
	<GenericResponseInfo>
		<GenericResponseCode>194</GenericResponseCode>
	</GenericResponseInfo>
	<GenericResponseInfo>
		<GenericResponseCode>195</GenericResponseCode>
	</GenericResponseInfo>
	<GenericResponseInfo>
		<GenericResponseCode>196</GenericResponseCode>
	</GenericResponseInfo>
	<GenericResponseInfo>
		<GenericResponseCode>197</GenericResponseCode>
	</GenericResponseInfo>
	<GenericResponseInfo>
		<GenericResponseCode>198</GenericResponseCode>
	</GenericResponseInfo>
	<GenericResponseInfo>
		<GenericResponseCode>199</GenericResponseCode>
	</GenericResponseInfo>
	<GenericResponseInfo>
		<GenericResponseCode>200</GenericResponseCode>
	</GenericResponseInfo>
	<GenericResponseInfo>
		<GenericResponseCode>201</GenericResponseCode>
	</GenericResponseInfo>
	<GenericResponseInfo>
		<GenericResponseCode>202</GenericResponseCode>
	</GenericResponseInfo>
	<GenericResponseInfo>
		<GenericResponseCode>203</GenericResponseCode>
	</GenericResponseInfo>
	<GenericResponseInfo>
		<GenericResponseCode>204</GenericResponseCode>
	</GenericResponseInfo>
	<GenericResponseInfo>
		<GenericResponseCode>205</GenericResponseCode>
	</GenericResponseInfo>
	<GenericResponseInfo>
		<GenericResponseCode>206</GenericResponseCode>
	</GenericResponseInfo>
	<GenericResponseInfo>
		<GenericResponseCode>207</GenericResponseCode>
	</GenericResponseInfo>
	<GenericResponseInfo>
		<GenericResponseCode>208</GenericResponseCode>
	</GenericResponseInfo>
	<GenericResponseInfo>
		<GenericResponseCode>209</GenericResponseCode>
	</GenericResponseInfo>
	<GenericResponseInfo>
		<GenericResponseCode>210</GenericResponseCode>
	</GenericResponseInfo>
	<GenericResponseInfo>
		<GenericResponseCode>211</GenericResponseCode>
	</GenericResponseInfo>
	<GenericResponseInfo>
		<GenericResponseCode>212</GenericResponseCode>
	</GenericResponseInfo>
	<GenericResponseInfo>
		<GenericResponseCode>213</GenericResponseCode>
	</GenericResponseInfo>
	<GenericResponseInfo>
		<GenericResponseCode>214</GenericResponseCode>
	</GenericResponseInfo>
	<GenericResponseInfo>
		<GenericResponseCode>215</GenericResponseCode>
	</GenericResponseInfo>
	<GenericResponseInfo>
		<GenericResponseCode>216</GenericResponseCode>
	</GenericResponseInfo>
	<GenericResponseInfo>
		<GenericResponseCode>217</GenericResponseCode>
	</GenericResponseInfo>
	<GenericResponseInfo>
		<GenericResponseCode>218</GenericResponseCode>
	</GenericResponseInfo>
	<GenericResponseInfo>
		<GenericResponseCode>219</GenericResponseCode>
	</GenericResponseInfo>
	<GenericResponseInfo>
		<GenericResponseCode>220</GenericResponseCode>
	</GenericResponseInfo>
	<GenericResponseInfo>
		<GenericResponseCode>221</GenericResponseCode>
	</GenericResponseInfo>
	<GenericResponseInfo>
		<GenericResponseCode>222</GenericResponseCode>
	</GenericResponseInfo>
	<GenericResponseInfo>
		<GenericResponseCode>223</GenericResponseCode>
	</GenericResponseInfo>
	<GenericResponseInfo>
		<GenericResponseCode>224</GenericResponseCode>
	</GenericResponseInfo>
	<GenericResponseInfo>
		<GenericResponseCode>225</GenericResponseCode>
	</GenericResponseInfo>
	<GenericResponseInfo>
		<GenericResponseCode>226</GenericResponseCode>
	</GenericResponseInfo>
	<GenericResponseInfo>
		<GenericResponseCode>227</GenericResponseCode>
	</GenericResponseInfo>
	<GenericResponseInfo>
		<GenericResponseCode>228</GenericResponseCode>
	</GenericResponseInfo>
	<GenericResponseInfo>
		<GenericResponseCode>229</GenericResponseCode>
	</GenericResponseInfo>
	<GenericResponseInfo>
		<GenericResponseCode>230</GenericResponseCode>
	</GenericResponseInfo>
	<GenericResponseInfo>
		<GenericResponseCode>231</GenericResponseCode>
	</GenericResponseInfo>
	<GenericResponseInfo>
		<GenericResponseCode>232</GenericResponseCode>
	</GenericResponseInfo>
	<GenericResponseInfo>
		<GenericResponseCode>233</GenericResponseCode>
	</GenericResponseInfo>
	<GenericResponseInfo>
		<GenericResponseCode>234</GenericResponseCode>
	</GenericResponseInfo>
	<GenericResponseInfo>
		<GenericResponseCode>235</GenericResponseCode>
	</GenericResponseInfo>
	<GenericResponseInfo>
		<GenericResponseCode>236</GenericResponseCode>
	</GenericResponseInfo>
	<GenericResponseInfo>
		<GenericResponseCode>237</GenericResponseCode>
	</GenericResponseInfo>
	<GenericResponseInfo>
		<GenericResponseCode>238</GenericResponseCode>
	</GenericResponseInfo>
	<GenericResponseInfo>
		<GenericResponseCode>239</GenericResponseCode>
	</GenericResponseInfo>
	<GenericResponseInfo>
		<GenericResponseCode>240</GenericResponseCode>
		<GenericResponseName>OK</GenericResponseName>
	</GenericResponseInfo>
	<GenericResponseInfo>
		<GenericResponseCode>241</GenericResponseCode>
	</GenericResponseInfo>
	<GenericResponseInfo>
		<GenericResponseCode>242</GenericResponseCode>
		<GenericResponseName>Command Not Known</GenericResponseName>
	</GenericResponseInfo>
	<GenericResponseInfo>
		<GenericResponseCode>243</GenericResponseCode>
		<GenericResponseName>Wrong No Parameters</GenericResponseName>
	</GenericResponseInfo>
	<GenericResponseInfo>
		<GenericResponseCode>244</GenericResponseCode>
		<GenericResponseName>Parameter out of Range</GenericResponseName>
	</GenericResponseInfo>
	<GenericResponseInfo>
		<GenericResponseCode>245</GenericResponseCode>
		<GenericResponseName>Command Cannot be Processed</GenericResponseName>
	</GenericResponseInfo>
	<GenericResponseInfo>
		<GenericResponseCode>246</GenericResponseCode>
		<GenericResponseName>Software Error</GenericResponseName>
	</GenericResponseInfo>
	<GenericResponseInfo>
		<GenericResponseCode>247</GenericResponseCode>
	</GenericResponseInfo>
	<GenericResponseInfo>
		<GenericResponseCode>248</GenericResponseCode>
		<GenericResponseName>Fail</GenericResponseName>
	</GenericResponseInfo>
	<GenericResponseInfo>
		<GenericResponseCode>249</GenericResponseCode>
	</GenericResponseInfo>
	<GenericResponseInfo>
		<GenericResponseCode>250</GenericResponseCode>
		<GenericResponseName>Key Not Set</GenericResponseName>
	</GenericResponseInfo>
	<GenericResponseInfo>
		<GenericResponseCode>251</GenericResponseCode>
	</GenericResponseInfo>
	<GenericResponseInfo>
		<GenericResponseCode>252</GenericResponseCode>
	</GenericResponseInfo>
	<GenericResponseInfo>
		<GenericResponseCode>253</GenericResponseCode>
	</GenericResponseInfo>
	<GenericResponseInfo>
		<GenericResponseCode>254</GenericResponseCode>
	</GenericResponseInfo>
	<GenericResponseInfo>
		<GenericResponseCode>255</GenericResponseCode>
	</GenericResponseInfo>
</Root>