<?xml version="1.0" encoding="UTF-8" standalone="yes"?>
<Root>
	<PollResponseInfo>
		<PollResponseCode>0</PollResponseCode>
	</PollResponseInfo>
	<PollResponseInfo>
		<PollResponseCode>1</PollResponseCode>
	</PollResponseInfo>
	<PollResponseInfo>
		<PollResponseCode>2</PollResponseCode>
	</PollResponseInfo>
	<PollResponseInfo>
		<PollResponseCode>3</PollResponseCode>
	</PollResponseInfo>
	<PollResponseInfo>
		<PollResponseCode>4</PollResponseCode>
	</PollResponseInfo>
	<PollResponseInfo>
		<PollResponseCode>5</PollResponseCode>
	</PollResponseInfo>
	<PollResponseInfo>
		<PollResponseCode>6</PollResponseCode>
	</PollResponseInfo>
	<PollResponseInfo>
		<PollResponseCode>7</PollResponseCode>
	</PollResponseInfo>
	<PollResponseInfo>
		<PollResponseCode>8</PollResponseCode>
	</PollResponseInfo>
	<PollResponseInfo>
		<PollResponseCode>9</PollResponseCode>
	</PollResponseInfo>
	<PollResponseInfo>
		<PollResponseCode>10</PollResponseCode>
	</PollResponseInfo>
	<PollResponseInfo>
		<PollResponseCode>11</PollResponseCode>
	</PollResponseInfo>
	<PollResponseInfo>
		<PollResponseCode>12</PollResponseCode>
	</PollResponseInfo>
	<PollResponseInfo>
		<PollResponseCode>13</PollResponseCode>
	</PollResponseInfo>
	<PollResponseInfo>
		<PollResponseCode>14</PollResponseCode>
	</PollResponseInfo>
	<PollResponseInfo>
		<PollResponseCode>15</PollResponseCode>
	</PollResponseInfo>
	<PollResponseInfo>
		<PollResponseCode>16</PollResponseCode>
	</PollResponseInfo>
	<PollResponseInfo>
		<PollResponseCode>17</PollResponseCode>
	</PollResponseInfo>
	<PollResponseInfo>
		<PollResponseCode>18</PollResponseCode>
	</PollResponseInfo>
	<PollResponseInfo>
		<PollResponseCode>19</PollResponseCode>
	</PollResponseInfo>
	<PollResponseInfo>
		<PollResponseCode>20</PollResponseCode>
	</PollResponseInfo>
	<PollResponseInfo>
		<PollResponseCode>21</PollResponseCode>
	</PollResponseInfo>
	<PollResponseInfo>
		<PollResponseCode>22</PollResponseCode>
	</PollResponseInfo>
	<PollResponseInfo>
		<PollResponseCode>23</PollResponseCode>
	</PollResponseInfo>
	<PollResponseInfo>
		<PollResponseCode>24</PollResponseCode>
	</PollResponseInfo>
	<PollResponseInfo>
		<PollResponseCode>25</PollResponseCode>
	</PollResponseInfo>
	<PollResponseInfo>
		<PollResponseCode>26</PollResponseCode>
	</PollResponseInfo>
	<PollResponseInfo>
		<PollResponseCode>27</PollResponseCode>
	</PollResponseInfo>
	<PollResponseInfo>
		<PollResponseCode>28</PollResponseCode>
	</PollResponseInfo>
	<PollResponseInfo>
		<PollResponseCode>29</PollResponseCode>
	</PollResponseInfo>
	<PollResponseInfo>
		<PollResponseCode>30</PollResponseCode>
	</PollResponseInfo>
	<PollResponseInfo>
		<PollResponseCode>31</PollResponseCode>
	</PollResponseInfo>
	<PollResponseInfo>
		<PollResponseCode>32</PollResponseCode>
	</PollResponseInfo>
	<PollResponseInfo>
		<PollResponseCode>33</PollResponseCode>
	</PollResponseInfo>
	<PollResponseInfo>
		<PollResponseCode>34</PollResponseCode>
	</PollResponseInfo>
	<PollResponseInfo>
		<PollResponseCode>35</PollResponseCode>
	</PollResponseInfo>
	<PollResponseInfo>
		<PollResponseCode>36</PollResponseCode>
	</PollResponseInfo>
	<PollResponseInfo>
		<PollResponseCode>37</PollResponseCode>
	</PollResponseInfo>
	<PollResponseInfo>
		<PollResponseCode>38</PollResponseCode>
	</PollResponseInfo>
	<PollResponseInfo>
		<PollResponseCode>39</PollResponseCode>
	</PollResponseInfo>
	<PollResponseInfo>
		<PollResponseCode>40</PollResponseCode>
	</PollResponseInfo>
	<PollResponseInfo>
		<PollResponseCode>41</PollResponseCode>
	</PollResponseInfo>
	<PollResponseInfo>
		<PollResponseCode>42</PollResponseCode>
	</PollResponseInfo>
	<PollResponseInfo>
		<PollResponseCode>43</PollResponseCode>
	</PollResponseInfo>
	<PollResponseInfo>
		<PollResponseCode>44</PollResponseCode>
	</PollResponseInfo>
	<PollResponseInfo>
		<PollResponseCode>45</PollResponseCode>
	</PollResponseInfo>
	<PollResponseInfo>
		<PollResponseCode>46</PollResponseCode>
	</PollResponseInfo>
	<PollResponseInfo>
		<PollResponseCode>47</PollResponseCode>
	</PollResponseInfo>
	<PollResponseInfo>
		<PollResponseCode>48</PollResponseCode>
	</PollResponseInfo>
	<PollResponseInfo>
		<PollResponseCode>49</PollResponseCode>
	</PollResponseInfo>
	<PollResponseInfo>
		<PollResponseCode>50</PollResponseCode>
	</PollResponseInfo>
	<PollResponseInfo>
		<PollResponseCode>51</PollResponseCode>
	</PollResponseInfo>
	<PollResponseInfo>
		<PollResponseCode>52</PollResponseCode>
	</PollResponseInfo>
	<PollResponseInfo>
		<PollResponseCode>53</PollResponseCode>
	</PollResponseInfo>
	<PollResponseInfo>
		<PollResponseCode>54</PollResponseCode>
	</PollResponseInfo>
	<PollResponseInfo>
		<PollResponseCode>55</PollResponseCode>
	</PollResponseInfo>
	<PollResponseInfo>
		<PollResponseCode>56</PollResponseCode>
	</PollResponseInfo>
	<PollResponseInfo>
		<PollResponseCode>57</PollResponseCode>
	</PollResponseInfo>
	<PollResponseInfo>
		<PollResponseCode>58</PollResponseCode>
	</PollResponseInfo>
	<PollResponseInfo>
		<PollResponseCode>59</PollResponseCode>
	</PollResponseInfo>
	<PollResponseInfo>
		<PollResponseCode>60</PollResponseCode>
	</PollResponseInfo>
	<PollResponseInfo>
		<PollResponseCode>61</PollResponseCode>
	</PollResponseInfo>
	<PollResponseInfo>
		<PollResponseCode>62</PollResponseCode>
	</PollResponseInfo>
	<PollResponseInfo>
		<PollResponseCode>63</PollResponseCode>
	</PollResponseInfo>
	<PollResponseInfo>
		<PollResponseCode>64</PollResponseCode>
	</PollResponseInfo>
	<PollResponseInfo>
		<PollResponseCode>65</PollResponseCode>
	</PollResponseInfo>
	<PollResponseInfo>
		<PollResponseCode>66</PollResponseCode>
	</PollResponseInfo>
	<PollResponseInfo>
		<PollResponseCode>67</PollResponseCode>
	</PollResponseInfo>
	<PollResponseInfo>
		<PollResponseCode>68</PollResponseCode>
	</PollResponseInfo>
	<PollResponseInfo>
		<PollResponseCode>69</PollResponseCode>
	</PollResponseInfo>
	<PollResponseInfo>
		<PollResponseCode>70</PollResponseCode>
	</PollResponseInfo>
	<PollResponseInfo>
		<PollResponseCode>71</PollResponseCode>
	</PollResponseInfo>
	<PollResponseInfo>
		<PollResponseCode>72</PollResponseCode>
	</PollResponseInfo>
	<PollResponseInfo>
		<PollResponseCode>73</PollResponseCode>
	</PollResponseInfo>
	<PollResponseInfo>
		<PollResponseCode>74</PollResponseCode>
	</PollResponseInfo>
	<PollResponseInfo>
		<PollResponseCode>75</PollResponseCode>
	</PollResponseInfo>
	<PollResponseInfo>
		<PollResponseCode>76</PollResponseCode>
	</PollResponseInfo>
	<PollResponseInfo>
		<PollResponseCode>77</PollResponseCode>
	</PollResponseInfo>
	<PollResponseInfo>
		<PollResponseCode>78</PollResponseCode>
	</PollResponseInfo>
	<PollResponseInfo>
		<PollResponseCode>79</PollResponseCode>
	</PollResponseInfo>
	<PollResponseInfo>
		<PollResponseCode>80</PollResponseCode>
	</PollResponseInfo>
	<PollResponseInfo>
		<PollResponseCode>81</PollResponseCode>
	</PollResponseInfo>
	<PollResponseInfo>
		<PollResponseCode>82</PollResponseCode>
	</PollResponseInfo>
	<PollResponseInfo>
		<PollResponseCode>83</PollResponseCode>
	</PollResponseInfo>
	<PollResponseInfo>
		<PollResponseCode>84</PollResponseCode>
	</PollResponseInfo>
	<PollResponseInfo>
		<PollResponseCode>85</PollResponseCode>
	</PollResponseInfo>
	<PollResponseInfo>
		<PollResponseCode>86</PollResponseCode>
	</PollResponseInfo>
	<PollResponseInfo>
		<PollResponseCode>87</PollResponseCode>
	</PollResponseInfo>
	<PollResponseInfo>
		<PollResponseCode>88</PollResponseCode>
	</PollResponseInfo>
	<PollResponseInfo>
		<PollResponseCode>89</PollResponseCode>
	</PollResponseInfo>
	<PollResponseInfo>
		<PollResponseCode>90</PollResponseCode>
	</PollResponseInfo>
	<PollResponseInfo>
		<PollResponseCode>91</PollResponseCode>
	</PollResponseInfo>
	<PollResponseInfo>
		<PollResponseCode>92</PollResponseCode>
	</PollResponseInfo>
	<PollResponseInfo>
		<PollResponseCode>93</PollResponseCode>
	</PollResponseInfo>
	<PollResponseInfo>
		<PollResponseCode>94</PollResponseCode>
	</PollResponseInfo>
	<PollResponseInfo>
		<PollResponseCode>95</PollResponseCode>
	</PollResponseInfo>
	<PollResponseInfo>
		<PollResponseCode>96</PollResponseCode>
	</PollResponseInfo>
	<PollResponseInfo>
		<PollResponseCode>97</PollResponseCode>
	</PollResponseInfo>
	<PollResponseInfo>
		<PollResponseCode>98</PollResponseCode>
	</PollResponseInfo>
	<PollResponseInfo>
		<PollResponseCode>99</PollResponseCode>
	</PollResponseInfo>
	<PollResponseInfo>
		<PollResponseCode>100</PollResponseCode>
	</PollResponseInfo>
	<PollResponseInfo>
		<PollResponseCode>101</PollResponseCode>
	</PollResponseInfo>
	<PollResponseInfo>
		<PollResponseCode>102</PollResponseCode>
	</PollResponseInfo>
	<PollResponseInfo>
		<PollResponseCode>103</PollResponseCode>
	</PollResponseInfo>
	<PollResponseInfo>
		<PollResponseCode>104</PollResponseCode>
	</PollResponseInfo>
	<PollResponseInfo>
		<PollResponseCode>105</PollResponseCode>
	</PollResponseInfo>
	<PollResponseInfo>
		<PollResponseCode>106</PollResponseCode>
	</PollResponseInfo>
	<PollResponseInfo>
		<PollResponseCode>107</PollResponseCode>
	</PollResponseInfo>
	<PollResponseInfo>
		<PollResponseCode>108</PollResponseCode>
	</PollResponseInfo>
	<PollResponseInfo>
		<PollResponseCode>109</PollResponseCode>
	</PollResponseInfo>
	<PollResponseInfo>
		<PollResponseCode>110</PollResponseCode>
	</PollResponseInfo>
	<PollResponseInfo>
		<PollResponseCode>111</PollResponseCode>
	</PollResponseInfo>
	<PollResponseInfo>
		<PollResponseCode>112</PollResponseCode>
	</PollResponseInfo>
	<PollResponseInfo>
		<PollResponseCode>113</PollResponseCode>
	</PollResponseInfo>
	<PollResponseInfo>
		<PollResponseCode>114</PollResponseCode>
	</PollResponseInfo>
	<PollResponseInfo>
		<PollResponseCode>115</PollResponseCode>
	</PollResponseInfo>
	<PollResponseInfo>
		<PollResponseCode>116</PollResponseCode>
	</PollResponseInfo>
	<PollResponseInfo>
		<PollResponseCode>117</PollResponseCode>
	</PollResponseInfo>
	<PollResponseInfo>
		<PollResponseCode>118</PollResponseCode>
	</PollResponseInfo>
	<PollResponseInfo>
		<PollResponseCode>119</PollResponseCode>
	</PollResponseInfo>
	<PollResponseInfo>
		<PollResponseCode>120</PollResponseCode>
	</PollResponseInfo>
	<PollResponseInfo>
		<PollResponseCode>121</PollResponseCode>
	</PollResponseInfo>
	<PollResponseInfo>
		<PollResponseCode>122</PollResponseCode>
	</PollResponseInfo>
	<PollResponseInfo>
		<PollResponseCode>123</PollResponseCode>
	</PollResponseInfo>
	<PollResponseInfo>
		<PollResponseCode>124</PollResponseCode>
	</PollResponseInfo>
	<PollResponseInfo>
		<PollResponseCode>125</PollResponseCode>
	</PollResponseInfo>
	<PollResponseInfo>
		<PollResponseCode>126</PollResponseCode>
	</PollResponseInfo>
	<PollResponseInfo>
		<PollResponseCode>127</PollResponseCode>
	</PollResponseInfo>
	<PollResponseInfo>
		<PollResponseCode>128</PollResponseCode>
	</PollResponseInfo>
	<PollResponseInfo>
		<PollResponseCode>129</PollResponseCode>
	</PollResponseInfo>
	<PollResponseInfo>
		<PollResponseCode>130</PollResponseCode>
	</PollResponseInfo>
	<PollResponseInfo>
		<PollResponseCode>131</PollResponseCode>
	</PollResponseInfo>
	<PollResponseInfo>
		<PollResponseCode>132</PollResponseCode>
	</PollResponseInfo>
	<PollResponseInfo>
		<PollResponseCode>133</PollResponseCode>
	</PollResponseInfo>
	<PollResponseInfo>
		<PollResponseCode>134</PollResponseCode>
	</PollResponseInfo>
	<PollResponseInfo>
		<PollResponseCode>135</PollResponseCode>
	</PollResponseInfo>
	<PollResponseInfo>
		<PollResponseCode>136</PollResponseCode>
	</PollResponseInfo>
	<PollResponseInfo>
		<PollResponseCode>137</PollResponseCode>
	</PollResponseInfo>
	<PollResponseInfo>
		<PollResponseCode>138</PollResponseCode>
	</PollResponseInfo>
	<PollResponseInfo>
		<PollResponseCode>139</PollResponseCode>
	</PollResponseInfo>
	<PollResponseInfo>
		<PollResponseCode>140</PollResponseCode>
	</PollResponseInfo>
	<PollResponseInfo>
		<PollResponseCode>141</PollResponseCode>
	</PollResponseInfo>
	<PollResponseInfo>
		<PollResponseCode>142</PollResponseCode>
	</PollResponseInfo>
	<PollResponseInfo>
		<PollResponseCode>143</PollResponseCode>
	</PollResponseInfo>
	<PollResponseInfo>
		<PollResponseCode>144</PollResponseCode>
		<PollResponseName>TEBS Cashbox out of Service</PollResponseName>
		<Length>2</Length>
	</PollResponseInfo>
	<PollResponseInfo>
		<PollResponseCode>145</PollResponseCode>
		<PollResponseName>TEBS Cashbox Tamper</PollResponseName>
		<Length>1</Length>
	</PollResponseInfo>
	<PollResponseInfo>
		<PollResponseCode>146</PollResponseCode>
		<PollResponseName>TEBS Cashbox in Service</PollResponseName>
		<Length>1</Length>
	</PollResponseInfo>
	<PollResponseInfo>
		<PollResponseCode>147</PollResponseCode>
		<PollResponseName>TEBS Cashbox Unlock Enabled</PollResponseName>
		<Length>1</Length>
	</PollResponseInfo>
	<PollResponseInfo>
		<PollResponseCode>148</PollResponseCode>
	</PollResponseInfo>
	<PollResponseInfo>
		<PollResponseCode>149</PollResponseCode>
	</PollResponseInfo>
	<PollResponseInfo>
		<PollResponseCode>150</PollResponseCode>
	</PollResponseInfo>
	<PollResponseInfo>
		<PollResponseCode>151</PollResponseCode>
	</PollResponseInfo>
	<PollResponseInfo>
		<PollResponseCode>152</PollResponseCode>
	</PollResponseInfo>
	<PollResponseInfo>
		<PollResponseCode>153</PollResponseCode>
	</PollResponseInfo>
	<PollResponseInfo>
		<PollResponseCode>154</PollResponseCode>
	</PollResponseInfo>
	<PollResponseInfo>
		<PollResponseCode>155</PollResponseCode>
	</PollResponseInfo>
	<PollResponseInfo>
		<PollResponseCode>156</PollResponseCode>
	</PollResponseInfo>
	<PollResponseInfo>
		<PollResponseCode>157</PollResponseCode>
	</PollResponseInfo>
	<PollResponseInfo>
		<PollResponseCode>158</PollResponseCode>
	</PollResponseInfo>
	<PollResponseInfo>
		<PollResponseCode>159</PollResponseCode>
	</PollResponseInfo>
	<PollResponseInfo>
		<PollResponseCode>160</PollResponseCode>
	</PollResponseInfo>
	<PollResponseInfo>
		<PollResponseCode>161</PollResponseCode>
	</PollResponseInfo>
	<PollResponseInfo>
		<PollResponseCode>162</PollResponseCode>
	</PollResponseInfo>
	<PollResponseInfo>
		<PollResponseCode>163</PollResponseCode>
	</PollResponseInfo>
	<PollResponseInfo>
		<PollResponseCode>164</PollResponseCode>
	</PollResponseInfo>
	<PollResponseInfo>
		<PollResponseCode>165</PollResponseCode>
	</PollResponseInfo>
	<PollResponseInfo>
		<PollResponseCode>166</PollResponseCode>
	</PollResponseInfo>
	<PollResponseInfo>
		<PollResponseCode>167</PollResponseCode>
	</PollResponseInfo>
	<PollResponseInfo>
		<PollResponseCode>168</PollResponseCode>
	</PollResponseInfo>
	<PollResponseInfo>
		<PollResponseCode>169</PollResponseCode>
	</PollResponseInfo>
	<PollResponseInfo>
		<PollResponseCode>170</PollResponseCode>
	</PollResponseInfo>
	<PollResponseInfo>
		<PollResponseCode>171</PollResponseCode>
	</PollResponseInfo>
	<PollResponseInfo>
		<PollResponseCode>172</PollResponseCode>
	</PollResponseInfo>
	<PollResponseInfo>
		<PollResponseCode>173</PollResponseCode>
	</PollResponseInfo>
	<PollResponseInfo>
		<PollResponseCode>174</PollResponseCode>
	</PollResponseInfo>
	<PollResponseInfo>
		<PollResponseCode>175</PollResponseCode>
	</PollResponseInfo>
	<PollResponseInfo>
		<PollResponseCode>176</PollResponseCode>
		<PollResponseName>Jam recovery</PollResponseName>
		<Length>1</Length>
	</PollResponseInfo>
	<PollResponseInfo>
		<PollResponseCode>177</PollResponseCode>
		<PollResponseName>Error during payout</PollResponseName>
		<Length>0</Length>
		<LengthByte>1</LengthByte>
		<Multiply>7</Multiply>
		<Add>2</Add>
	</PollResponseInfo>
	<PollResponseInfo>
		<PollResponseCode>178</PollResponseCode>
	</PollResponseInfo>
	<PollResponseInfo>
		<PollResponseCode>179</PollResponseCode>
		<PollResponseName>Smart emptying</PollResponseName>
		<Length>0</Length>
		<LengthByte>1</LengthByte>
		<Multiply>7</Multiply>
		<Add>1</Add>
	</PollResponseInfo>
	<PollResponseInfo>
		<PollResponseCode>180</PollResponseCode>
		<PollResponseName>Smart emptied</PollResponseName>
		<Length>0</Length>
		<LengthByte>1</LengthByte>
		<Multiply>7</Multiply>
		<Add>1</Add>
	</PollResponseInfo>
	<PollResponseInfo>
		<PollResponseCode>181</PollResponseCode>
		<PollResponseName>Channel Disable</PollResponseName>
		<Length>1</Length>
	</PollResponseInfo>
	<PollResponseInfo>
		<PollResponseCode>182</PollResponseCode>
		<PollResponseName>Initialising</PollResponseName>
		<Length>1</Length>
	</PollResponseInfo>
	<PollResponseInfo>
		<PollResponseCode>183</PollResponseCode>
		<PollResponseName>Coin mech error</PollResponseName>
		<Length>1</Length>
	</PollResponseInfo>
	<PollResponseInfo>
		<PollResponseCode>184</PollResponseCode>
	</PollResponseInfo>
	<PollResponseInfo>
		<PollResponseCode>185</PollResponseCode>
	</PollResponseInfo>
	<PollResponseInfo>
		<PollResponseCode>186</PollResponseCode>
	</PollResponseInfo>
	<PollResponseInfo>
		<PollResponseCode>187</PollResponseCode>
	</PollResponseInfo>
	<PollResponseInfo>
		<PollResponseCode>188</PollResponseCode>
	</PollResponseInfo>
	<PollResponseInfo>
		<PollResponseCode>189</PollResponseCode>
	</PollResponseInfo>
	<PollResponseInfo>
		<PollResponseCode>190</PollResponseCode>
	</PollResponseInfo>
	<PollResponseInfo>
		<PollResponseCode>191</PollResponseCode>
	</PollResponseInfo>
	<PollResponseInfo>
		<PollResponseCode>192</PollResponseCode>
	</PollResponseInfo>
	<PollResponseInfo>
		<PollResponseCode>193</PollResponseCode>
	</PollResponseInfo>
	<PollResponseInfo>
		<PollResponseCode>194</PollResponseCode>
		<PollResponseName>Emptying</PollResponseName>
		<Length>1</Length>
	</PollResponseInfo>
	<PollResponseInfo>
		<PollResponseCode>195</PollResponseCode>
		<PollResponseName>Emptied</PollResponseName>
		<Length>1</Length>
	</PollResponseInfo>
	<PollResponseInfo>
		<PollResponseCode>196</PollResponseCode>
		<PollResponseName>Coin mech jammed</PollResponseName>
		<Length>1</Length>
	</PollResponseInfo>
	<PollResponseInfo>
		<PollResponseCode>197</PollResponseCode>
		<PollResponseName>Coin mech return pressed</PollResponseName>
		<Length>1</Length>
	</PollResponseInfo>
	<PollResponseInfo>
		<PollResponseCode>198</PollResponseCode>
		<PollResponseName>Payout out of service</PollResponseName>
		<Length>1</Length>
	</PollResponseInfo>
	<PollResponseInfo>
		<PollResponseCode>199</PollResponseCode>
		<PollResponseName>Note float removed</PollResponseName>
		<Length>1</Length>
	</PollResponseInfo>
	<PollResponseInfo>
		<PollResponseCode>200</PollResponseCode>
		<PollResponseName>Note float attached</PollResponseName>
		<Length>1</Length>
	</PollResponseInfo>
	<PollResponseInfo>
		<PollResponseCode>201</PollResponseCode>
		<PollResponseName>Note transfered to stacker</PollResponseName>
		<Length>8</Length>
	</PollResponseInfo>
	<PollResponseInfo>
		<PollResponseCode>202</PollResponseCode>
		<PollResponseName>Note paid into stacker at power-up</PollResponseName>
		<Length>8</Length>
	</PollResponseInfo>
	<PollResponseInfo>
		<PollResponseCode>203</PollResponseCode>
		<PollResponseName>Note paid into store at power-up</PollResponseName>
		<Length>7</Length>
	</PollResponseInfo>
	<PollResponseInfo>
		<PollResponseCode>204</PollResponseCode>
		<PollResponseName>Note Stacking</PollResponseName>
		<Length>1</Length>
	</PollResponseInfo>
	<PollResponseInfo>
		<PollResponseCode>205</PollResponseCode>
		<PollResponseName>Note Dispensed at power-up</PollResponseName>
		<Length>8</Length>
	</PollResponseInfo>
	<PollResponseInfo>
		<PollResponseCode>206</PollResponseCode>
		<PollResponseName>Note held in bezel</PollResponseName>
		<Length>8</Length>
	</PollResponseInfo>
	<PollResponseInfo>
		<PollResponseCode>207</PollResponseCode>
	</PollResponseInfo>
	<PollResponseInfo>
		<PollResponseCode>208</PollResponseCode>
	</PollResponseInfo>
	<PollResponseInfo>
		<PollResponseCode>209</PollResponseCode>
		<PollResponseName>Bar Code Ticket Acknowledge</PollResponseName>
		<Length>1</Length>
	</PollResponseInfo>
	<PollResponseInfo>
		<PollResponseCode>210</PollResponseCode>
		<PollResponseName>Dispensed</PollResponseName>
		<Length>0</Length>
		<LengthByte>1</LengthByte>
		<Multiply>7</Multiply>
		<Add>1</Add>
	</PollResponseInfo>
	<PollResponseInfo>
		<PollResponseCode>211</PollResponseCode>
	</PollResponseInfo>
	<PollResponseInfo>
		<PollResponseCode>212</PollResponseCode>
	</PollResponseInfo>
	<PollResponseInfo>
		<PollResponseCode>213</PollResponseCode>
		<PollResponseName>Jammed</PollResponseName>
		<Length>0</Length>
		<LengthByte>1</LengthByte>
		<Multiply>7</Multiply>
		<Add>1</Add>
	</PollResponseInfo>
	<PollResponseInfo>
		<PollResponseCode>214</PollResponseCode>
		<PollResponseName>Halted</PollResponseName>
		<Length>0</Length>
		<LengthByte>1</LengthByte>
		<Multiply>7</Multiply>
		<Add>1</Add>
	</PollResponseInfo>
	<PollResponseInfo>
		<PollResponseCode>215</PollResponseCode>
		<PollResponseName>Floating</PollResponseName>
		<Length>0</Length>
		<LengthByte>1</LengthByte>
		<Multiply>7</Multiply>
		<Add>1</Add>
	</PollResponseInfo>
	<PollResponseInfo>
		<PollResponseCode>216</PollResponseCode>
		<PollResponseName>Floated</PollResponseName>
		<Length>0</Length>
		<LengthByte>1</LengthByte>
		<Multiply>7</Multiply>
		<Add>1</Add>
	</PollResponseInfo>
	<PollResponseInfo>
		<PollResponseCode>217</PollResponseCode>
		<PollResponseName>Time out</PollResponseName>
		<Length>0</Length>
		<LengthByte>1</LengthByte>
		<Multiply>7</Multiply>
		<Add>1</Add>
	</PollResponseInfo>
	<PollResponseInfo>
		<PollResponseCode>218</PollResponseCode>
		<PollResponseName>Dispensing</PollResponseName>
		<Length>0</Length>
		<LengthByte>1</LengthByte>
		<Multiply>7</Multiply>
		<Add>1</Add>
	</PollResponseInfo>
	<PollResponseInfo>
		<PollResponseCode>219</PollResponseCode>
		<PollResponseName>Note stored in payout</PollResponseName>
		<Length>4</Length>
	</PollResponseInfo>
	<PollResponseInfo>
		<PollResponseCode>220</PollResponseCode>
		<PollResponseName>Incomplete Payout</PollResponseName>
		<Length>0</Length>
		<LengthByte>1</LengthByte>
		<Multiply>11</Multiply>
		<Add>1</Add>
	</PollResponseInfo>
	<PollResponseInfo>
		<PollResponseCode>221</PollResponseCode>
		<PollResponseName>Incomplete float</PollResponseName>
		<Length>0</Length>
		<LengthByte>1</LengthByte>
		<Multiply>11</Multiply>
		<Add>1</Add>
	</PollResponseInfo>
	<PollResponseInfo>
		<PollResponseCode>222</PollResponseCode>
		<PollResponseName>Cashbox paid</PollResponseName>
		<Length>0</Length>
		<LengthByte>1</LengthByte>
		<Multiply>7</Multiply>
		<Add>1</Add>
	</PollResponseInfo>
	<PollResponseInfo>
		<PollResponseCode>223</PollResponseCode>
		<PollResponseName>Coin credit</PollResponseName>
		<Length>8</Length>
	</PollResponseInfo>
	<PollResponseInfo>
		<PollResponseCode>224</PollResponseCode>
		<PollResponseName>Note Path Open</PollResponseName>
		<Length>1</Length>
	</PollResponseInfo>
	<PollResponseInfo>
		<PollResponseCode>225</PollResponseCode>
		<PollResponseName>Note Cleared From Front</PollResponseName>
		<Length>2</Length>
	</PollResponseInfo>
	<PollResponseInfo>
		<PollResponseCode>226</PollResponseCode>
		<PollResponseName>Note Cleared To Cashbox</PollResponseName>
		<Length>2</Length>
	</PollResponseInfo>
	<PollResponseInfo>
		<PollResponseCode>227</PollResponseCode>
		<PollResponseName>Cashbox Removed</PollResponseName>
		<Length>1</Length>
	</PollResponseInfo>
	<PollResponseInfo>
		<PollResponseCode>228</PollResponseCode>
		<PollResponseName>Cashbox Replaced</PollResponseName>
		<Length>1</Length>
	</PollResponseInfo>
	<PollResponseInfo>
		<PollResponseCode>229</PollResponseCode>
		<PollResponseName>Bar Code Ticket Validated</PollResponseName>
		<Length>1</Length>
	</PollResponseInfo>
	<PollResponseInfo>
		<PollResponseCode>230</PollResponseCode>
		<PollResponseName>Fraud Attempt</PollResponseName>
		<Length>2</Length>
	</PollResponseInfo>
	<PollResponseInfo>
		<PollResponseCode>231</PollResponseCode>
		<PollResponseName>Stacker Full</PollResponseName>
		<Length>1</Length>
	</PollResponseInfo>
	<PollResponseInfo>
		<PollResponseCode>232</PollResponseCode>
		<PollResponseName>Disabled</PollResponseName>
		<Length>1</Length>
	</PollResponseInfo>
	<PollResponseInfo>
		<PollResponseCode>233</PollResponseCode>
		<PollResponseName>Unsafe Note Jam</PollResponseName>
		<Length>1</Length>
	</PollResponseInfo>
	<PollResponseInfo>
		<PollResponseCode>234</PollResponseCode>
		<PollResponseName>Safe Note Jam</PollResponseName>
		<Length>1</Length>
	</PollResponseInfo>
	<PollResponseInfo>
		<PollResponseCode>235</PollResponseCode>
		<PollResponseName>Note Stacked</PollResponseName>
		<Length>1</Length>
	</PollResponseInfo>
	<PollResponseInfo>
		<PollResponseCode>236</PollResponseCode>
		<PollResponseName>Note Rejected</PollResponseName>
		<Length>1</Length>
	</PollResponseInfo>
	<PollResponseInfo>
		<PollResponseCode>237</PollResponseCode>
		<PollResponseName>Note Rejecting</PollResponseName>
		<Length>1</Length>
	</PollResponseInfo>
	<PollResponseInfo>
		<PollResponseCode>238</PollResponseCode>
		<PollResponseName>Credit Note</PollResponseName>
		<Length>2</Length>
	</PollResponseInfo>
	<PollResponseInfo>
		<PollResponseCode>239</PollResponseCode>
		<PollResponseName>Read Note</PollResponseName>
		<Length>2</Length>
	</PollResponseInfo>
	<PollResponseInfo>
		<PollResponseCode>240</PollResponseCode>
	</PollResponseInfo>
	<PollResponseInfo>
		<PollResponseCode>241</PollResponseCode>
		<PollResponseName>Slave Reset</PollResponseName>
		<Length>1</Length>
	</PollResponseInfo>
	<PollResponseInfo>
		<PollResponseCode>242</PollResponseCode>
	</PollResponseInfo>
	<PollResponseInfo>
		<PollResponseCode>243</PollResponseCode>
	</PollResponseInfo>
	<PollResponseInfo>
		<PollResponseCode>244</PollResponseCode>
	</PollResponseInfo>
	<PollResponseInfo>
		<PollResponseCode>245</PollResponseCode>
	</PollResponseInfo>
	<PollResponseInfo>
		<PollResponseCode>246</PollResponseCode>
	</PollResponseInfo>
	<PollResponseInfo>
		<PollResponseCode>247</PollResponseCode>
	</PollResponseInfo>
	<PollResponseInfo>
		<PollResponseCode>248</PollResponseCode>
	</PollResponseInfo>
	<PollResponseInfo>
		<PollResponseCode>249</PollResponseCode>
	</PollResponseInfo>
	<PollResponseInfo>
		<PollResponseCode>250</PollResponseCode>
	</PollResponseInfo>
	<PollResponseInfo>
		<PollResponseCode>251</PollResponseCode>
	</PollResponseInfo>
	<PollResponseInfo>
		<PollResponseCode>252</PollResponseCode>
	</PollResponseInfo>
	<PollResponseInfo>
		<PollResponseCode>253</PollResponseCode>
	</PollResponseInfo>
	<PollResponseInfo>
		<PollResponseCode>254</PollResponseCode>
	</PollResponseInfo>
	<PollResponseInfo>
		<PollResponseCode>255</PollResponseCode>
	</PollResponseInfo>
</Root>